Workbook

Sheet ⚙ Configuración
B1: 🏃 Configuración del Sprint
B2: Completa estos datos antes de comenzar el sprint
B3: 📋 Datos del Sprint
B4: Nombre del proyecto | C4: PubTube | D4: PubTube
B5: Número de sprint | C5: 1 | D5: 2
B6: Equipo / Módulo | C6: Equipo A — M1 Contenidos | D6: Equipo A — M1 Contenidos
B7: Fecha de inicio | C7: 46265 | D7: 46286
B8: Fecha de cierre (Review) | C8: 46282 | D8: 46303
B9: Duración (sesiones Lun/Jue) | C9: 6 | D9: 6
B10: Story Points comprometidos (total) | C10: ='📋 Sprint Backlog-S1'!E14 -> 18 | D10: ='📋 Sprint Backlog-S2'!E12 -> 13
B11: Velocidad sprint anterior | C11: 0 | D11: 0
B12: Número de integrantes | C12: 5 | D12: 5
B13: 🎯 Definition of Done (DoD)
B14: ✔ Código revisado por al menos un par (Code Review)
B15: ✔ Pruebas unitarias/integración escritas y pasando (cobertura ≥ 70%)
B16: ✔ Contrato actualizado (OpenAPI + catálogo de eventos) si cambió una interfaz
B17: ✔ Sin errores críticos en la integración con otros módulos
B18: ✔ Desplegable con docker compose y demostrable en el Review
B19: 📌 Notas del Sprint
B20: Sprint 1: para este sprint nos dedicamos a terminar las tareas respectivas a la User Story A1: la cual se encargaba de la carga resumible de video. Sprint 2: Para este sprint se abarcarán las User storys 4 y 5, debido a que continuan o van de la mano de la User Story realizada en el sprint anterior

Sheet 📋 Sprint Backlog-S1
B1: 📋 Sprint Backlog
B2: Agrega/edita las User Stories del sprint. 'SP Completados' y 'Estado' se actualizan durante el sprint.
B3: ID | C3: User Story / Tarea | D3: Responsable | E3: SP Estimados | F3: SP Completados | G3: Estado | H3: Prioridad
B4: US-A1 | C4: Modelado Drizzle y Entidad Video | D4: Alessandro Duarte | E4: 1 | F4: 1 | G4: ⏳ To Do | H4: Alta
B5: US-A1 | C5: Transición de Estado: Borrador → Listo | D5: Bastián Wenkhans | E5: 1 | F5: 1 | G5: ⏳ To Do | H5: Alta
B6: US-A1 | C6: Transición de Estado: Listo → Programado | D6: Alessandro Duarte Lorenzo Duarte | E6: 1 | F6: 1 | G6: ⏳ To Do | H6: Alta
B7: US-A1 | C7: Worker de Transición: Programado → Publicado | D7: Alessandro Duarte | E7: 2 | F7: 2 | G7: ⏳ To Do | H7: Media
B8: US-A1 | C8: Ensamblaje y Finalización de la Subida | D8: Bastián Wenckhans Lorenzo Duarte | E8: 2 | F8: 2 | G8: ⏳ To Do | H8: Media
B9: US-A1 | C9: Inicialización de Subida y Validación | D9: Bastián Wenkhans | E9: 2 | F9: 2 | G9: ⏳ To Do | H9: Alta
B10: US-A1 | C10: Endpoint de Consulta de Progreso / Reanudación | D10: Bastián Wenkhans | E10: 2 | F10: 2 | G10: ⏳ To Do | H10: Alta
B11: US-A1 | C11: Generación de URLs Prefirmadas para Chunks | D11: Alessandro Duarte Lorenzo Duarte | E11: 2 | F11: 2 | G11: ⏳ To Do | H11: Media
B12: TECH-01 | C12: Repo Git: ROLES.md, README, .env.example, CI base | D12: Todos | E12: 3 | F12: 3 | G12: ⏳ To Do | H12: Media
B13: TECH-A2 | C13: Integración object storage MinIO (bucket + SDK S3) | D13: Todos | E13: 2 | F13: 2 | G13: ⏳ To Do | H13: Alta
B14: TOTAL SP DEL SPRINT | E14: =SUM(E4:E13) -> 18 | F14: =SUM(F4:F13) -> 18 | G14: =IFERROR(F14/E14,0) -> 1

Sheet 📋 Sprint Backlog-S2
B1: 📋 Sprint Backlog
B2: Agrega/edita las User Stories del sprint. 'SP Completados' y 'Estado' se actualizan durante el sprint.
B3: ID | C3: User Story / Tarea | D3: Responsable | E3: SP Estimados | F3: SP Completados | G3: Estado | H3: Prioridad
B4: US-A5 | C4: Implementar Algoritmo de Cálculo de Checksum durante el Upload (3 SP) | D4: Sebastiàn Bustos | E4: 3 | F4: 3 | G4: Sprint Backlog | H4: Alta
B5: US-A5 | C5: Script e índice único para Checksum (2 SP) | D5: Lorenzo López | E5: 2 | F5: 2 | G5: Sprint Backlog | H5: Alta
B6: US-A4 | C6: Tarea Programada para Publicación en YouTube (programado → publicado) 2 SP | D6: Alessandro Duarte | E6: 2 | F6: 2 | G6: Sprint Backlog | H6: Alta
B7: US-A5 | C7: Manejo de Respuesta 409 en el Modulo de Carga (1 SP) | D7: Sebastiàn Bustos | E7: 1 | F7: 1 | G7: Sprint Backlog | H7: Media
B8: US-A5 | C8: Control de Checksum Duplicados y Respuesta HTTP 409 (2 SP) | D8: Lorenzo López | E8: 2 | F8: 2 | G8: Sprint Backlog | H8: Media
B9: US-A2 | C9: Implementación de Base de Datos y Validaciones DTO (1 SP) | D9: Alessandro Duarte | E9: 1 | F9: 1 | G9: Sprint Backlog | H9: Alta
B10: US-A2 | C10: Desarrollo de Endpoints API y Emisión de eventos (1 SP) | D10: Lorenzo López | E10: 1 | F10: 1 | G10: Sprint Backlog | H10: Alta
B11: US-A2 | C11: Pruebas de integración E2E (1 SP) | D11: Alessandro Duarte Lorenzo Duarte | E11: 1 | F11: 1 | G11: Sprint Backlog | H11: Media
B12: TOTAL SP DEL SPRINT | E12: =SUM(E4:E11) -> 13 | F12: =SUM(F4:F11) -> 13 | G12: =IFERROR(F12/E12,0) -> 1

Sheet 📉 Burndown S1
B1: 📉 Burndown Chart — Seguimiento por Sesión (Lun/Jue)
B2: Actualiza 'SP Completados Hoy' al final de cada Daily (lunes y jueves).
B3: Sesión | C3: Fecha | D3: SP Restantes (Ideal) | E3: SP Completados Hoy | F3: SP Acumulados | G3: SP Restantes (Real)
B4: 1 | C4: 31/08/26 | D4: ='⚙ Configuración'!$C$10*(6-B4)/5 -> 18 | E4: 4 | F4: =SUM($E$4:E4) -> 4 | G4: ='⚙ Configuración'!$C$10-F4 -> 14
B5: 2 | C5: 03/09/26 | D5: ='⚙ Configuración'!$C$10*(6-B5)/5 -> 14.4 | E5: 4 | F5: =SUM($E$4:E5) -> 8 | G5: ='⚙ Configuración'!$C$10-F5 -> 10
B6: 3 | C6: 07/09/26 | D6: ='⚙ Configuración'!$C$10*(6-B6)/5 -> 10.8 | E6: 3 | F6: =SUM($E$4:E6) -> 11 | G6: ='⚙ Configuración'!$C$10-F6 -> 7
B7: 4 | C7: 10/09/26 | D7: ='⚙ Configuración'!$C$10*(6-B7)/5 -> 7.2 | E7: 2 | F7: =SUM($E$4:E7) -> 13 | G7: ='⚙ Configuración'!$C$10-F7 -> 5
B8: 5 | C8: 14/09/26 | D8: ='⚙ Configuración'!$C$10*(6-B8)/5 -> 3.6 | E8: 2 | F8: =SUM($E$4:E8) -> 15 | G8: ='⚙ Configuración'!$C$10-F8 -> 3
B9: 6 | C9: 17/09/26 | D9: ='⚙ Configuración'!$C$10*(6-B9)/5 -> 0 | E9: 3 | F9: =SUM($E$4:E9) -> 18 | G9: ='⚙ Configuración'!$C$10-F9 -> 0

Sheet 📉 Burndown S2
B1: 📉 Burndown Chart — Seguimiento por Sesión (Lun/Jue)
B2: Actualiza 'SP Completados Hoy' al final de cada Daily (lunes y jueves).
B3: Sesión | C3: Fecha | D3: SP Restantes (Ideal) | E3: SP Completados Hoy | F3: SP Acumulados | G3: SP Restantes (Real)
B4: 1 | C4: 03/09/26 | D4: ='📋 Sprint Backlog-S2'!E12 -> 13 | E4: 2 | F4: =SUM($E$4:E4) -> 2 | G4: ='📋 Sprint Backlog-S2'!E12-F4 -> 11
B5: 2 | C5: 07/09/26 | D5: ='⚙ Configuración'!$C$10*(6-B5)/5 -> 14.4 | E5: 2 | F5: =SUM($E$4:E5) -> 4 | G5: ='📋 Sprint Backlog-S2'!E12-F5 -> 9
B6: 3 | C6: 10/09/26 | D6: ='⚙ Configuración'!$C$10*(6-B6)/5 -> 10.8 | E6: 1 | F6: =SUM($E$4:E6) -> 5 | G6: ='📋 Sprint Backlog-S2'!E12-F6 -> 8
B7: 4 | C7: 14/09/26 | D7: ='⚙ Configuración'!$C$10*(6-B7)/5 -> 7.2 | E7: 3 | F7: =SUM($E$4:E7) -> 8 | G7: ='📋 Sprint Backlog-S2'!E12-F7 -> 5
B8: 5 | C8: 17/09/26 | D8: ='⚙ Configuración'!$C$10*(6-B8)/5 -> 3.6 | E8: 2 | F8: =SUM($E$4:E8) -> 10 | G8: ='📋 Sprint Backlog-S2'!E12-F8 -> 3
B9: 6 | C9: 21/09/26 | D9: ='⚙ Configuración'!$C$10*(6-B9)/5 -> 0 | E9: 3 | F9: =SUM($E$4:E9) -> 13 | G9: ='📋 Sprint Backlog-S2'!E12-F9 -> 0

Sheet 📊 Métricas
B1: 📊 Métricas del Sprint
B2: Estas métricas se calculan automáticamente desde el Backlog y la Configuración | F2: Sprint 2
B3: 🎯 Progreso del Sprint
B4: SP comprometidos | C4: ='📋 Sprint Backlog-S1'!E14 -> 18 | D4: Total de SP del Sprint Backlog | F4: ='📋 Sprint Backlog-S2'!E12 -> 13
B5: SP completados | C5: ='📋 Sprint Backlog-S1'!F14 -> 18 | D5: SP en estado Done hasta hoy | F5: ='📋 Sprint Backlog-S2'!F12 -> 13
B6: SP restantes | C6: ='📋 Sprint Backlog-S1'!E14-'📋 Sprint Backlog-S1'!F14 -> 0 | D6: SP que aún deben completarse | F6: =F4-F5 -> 0
B7: % completado | C7: =IFERROR('📋 Sprint Backlog-S1'!F14/'📋 Sprint Backlog-S1'!E14,0) -> 1 | D7: Avance real del sprint | F7: 39
B8: Historias Done | C8: 1 | D8: Historias completadas | F8: 3
B9: Historias en progreso | C9: 0 | D9: En desarrollo activo | F9: 0
B10: ⚡ Velocidad y Predicción
B11: Velocidad sprint actual (real) | C11: =C4 -> 18 | D11: SP completados en este sprint | F11: 13
B12: Velocidad sprint anterior | C12: ='⚙ Configuración'!C11 -> 0 | D12: SP completados en sprint previo | F12: 18
B13: Variación de velocidad | C13: =C11-C12 -> 18 | D13: Positivo = mejora respecto al anterior | F13: 13
B14: SP/persona/sprint | C14: =IFERROR(#REF!/'⚙ Configuración'!C12,0) -> 0 | D14: Productividad promedio del equipo | F14: 0
B15: SP/persona/sesión | C15: =IFERROR(#REF!/('⚙ Configuración'!C12*'⚙ Configuración'!C9),0) -> 0 | D15: Ritmo por sesión del equipo | F15: ='📋 Sprint Backlog-S1'!H25 -> 0
B16: 🏥 Salud del Sprint
B17: Sesiones transcurridas | C17: 6 | D17: Actualizar manualmente cada sesión | F17: ='⚙ Configuración'!D9 -> 6
B18: Sesiones restantes | C18: ='⚙ Configuración'!C9-C17 -> 0 | D18: Sesiones hasta el Sprint Review | F18: ='⚙ Configuración'!D9-F17 -> 0
B19: SP/sesión requerido | C19: =C4/C17 -> 3 | D19: Ritmo necesario para completar el sprint | F19: ='📋 Sprint Backlog-S2'!E12/'⚙ Configuración'!D9 -> 2.1666667
B20: SP/sesión logrado | C20: =C4/C17 -> 3 | D20: Ritmo real del equipo | F20: 2
B21: Índice de rendimiento (SPI) | C21: =IF(C17=0,1,C20/IFERROR(('⚙ Configuración'!C10/'⚙ Configuración'!C9),1)) -> 1 | D21: SPI >1 = adelantado | SPI <1 = atrasado | F21: 1
B22: Interpretación del SPI (Schedule Performance Index): | F22: ='📋 Sprint Backlog-S1'!H32 -> 0
B23: SPI > 1.1 | C23: Equipo adelantado — considerar asumir trabajo extra (backlog stretch)
B24: SPI 0.9 – 1.1 | C24: Equipo dentro del ritmo esperado ✓
B25: SPI 0.7 – 0.9 | C25: Leve atraso — revisar impedimentos en la Daily
B26: SPI < 0.7 | C26: Atraso crítico — replanificar el sprint con el PO

Sheet 🔄 Retrospectiva
C1: 🔄 Retrospectiva del Sprint
C2: Completa al finalizar el Sprint Review (formato Keep / Drop / Try)
C3: ✅ KEEP — Lo que funcionó bien
C4: • Sprint 1: Buena comunicación en el equipo, además de una buena distribución de tareas, equitativas entre los integrantes del equipo.
C5: • Sprint 2: Buena distribución de tareas, ademàs de una buena adaptación debido a que estabamos en deuda del sprint pasado
C6: • ...
C8: ❌ DROP — Lo que hay que dejar de hacer
C9: • Sprint 1: Mala estructura de carpetas, programar aantes de pensar un test de integración
C10: • Sprint 2: Trabajo muy modular, poca comunicación con el resto de módulos, sobre todo en lo que al frontend respecta.
C11: • ...
C13: 🚀 TRY — Lo que queremos intentar
C14: • Sprint 1: TDD bien formulado, que abarque la totalidad de casos del sprint
... C18: 📌 Acciones Concretas para el Próximo Sprint
C19: Acción | D19: Responsable | E19: Fecha límite
C20: SP1: Modelado Drizzle y Entidad Video (1 SP) | D20: AD | E20: 03/09
C21: SP1: Transición de Estado: Borrador → Listo (1 SP) | D21: BW | E21: 03/09
C22: SP1: Transición de Estado: Listo → Programado (1 SP) | D22: AD-LL | E22: 06/09
C23: SP1: Worker de Transición: Programado → Publicado (2 SP) | D23: AD | E23: 06/09
C24: SP1: Ensamblaje y Finalización de la Subida (2 SP) | D24: LL-BW | E24: 10/09
C25: SP1: Inicialización de Subida y Validación (2 SP) | D25: BW | E25: 10/09
C26: SP1: Endpoint de Consulta de Progreso / Reanudación (2 SP) | D26: BW | E26: 14/09
C27: SP1: Generación de URLs Prefirmadas para Chunks (2 SP) | D27: LL-AD | E27: 14/09
C28: SP2: US-A4 Tarea Programada para Publicación en YouTube (programado → publicado) | D28: AD | E28: 20/09
C29: SP2: Implementación de Base de Datos y Validaciones DTO | D29: AD | E29: 25/09
C30: SP2: Implementar Algoritmo de Cálculo de Checksum durante el Upload | D30: SB | E30: 29/09
... C32: SP2: Pruebas de integración E2E | D32: AD | E32: 05/10
